{"project_info":{"project_id":"memeticame-db011","project_number":"665166343480","name":"Memeticame"},"client":[{"client_info":{"mobilesdk_app_id":"1:665166343480:android:240bf1b538a8c532","client_id":"android:com.inzpiral.firebasetest.app","client_type":1,"android_client_info":{"package_name":"com.inzpiral.firebasetest.app"}},"oauth_client":[],"api_key":[],"services":{"analytics_service":{"status":1},"cloud_messaging_service":{"status":2,"apns_config":[]},"appinvite_service":{"status":1,"other_platform_oauth_client":[]},"google_signin_service":{"status":1},"ads_service":{"status":1}}}],"client_info":[],"ARTIFACT_VERSION":"1"}